{
  "files": {
    "app/bots/executor_v2.py": {
      "total_lines": 1666,
      "segments": [
        {
          "start": 1,
          "end": 1,
          "codes": [
            "P1"
          ]
        },
        {
          "start": 8,
          "end": 8,
          "codes": [
            "P1",
            "P4"
          ]
        },
        {
          "start": 9,
          "end": 9,
          "codes": [
            "P4"
          ]
        },
        {
          "start": 11,
          "end": 11,
          "codes": [
            "P4"
          ]
        },
        {
          "start": 22,
          "end": 22,
          "codes": [
            "P4"
          ]
        },
        {
          "start": 24,
          "end": 24,
          "codes": [
            "P4"
          ]
        },
        {
          "start": 28,
          "end": 28,
          "codes": [
            "P4"
          ]
        },
        {
          "start": 30,
          "end": 30,
          "codes": [
            "P4"
          ]
        },
        {
          "start": 41,
          "end": 41,
          "codes": [
            "P1",
            "P4"
          ]
        },
        {
          "start": 61,
          "end": 61,
          "codes": [
            "P1"
          ]
        },
        {
          "start": 106,
          "end": 106,
          "codes": [
            "P1"
          ]
        },
        {
          "start": 113,
          "end": 113,
          "codes": [
            "P1"
          ]
        },
        {
          "start": 115,
          "end": 115,
          "codes": [
            "P1"
          ]
        },
        {
          "start": 118,
          "end": 118,
          "codes": [
            "P1"
          ]
        },
        {
          "start": 121,
          "end": 122,
          "codes": [
            "P1"
          ]
        },
        {
          "start": 124,
          "end": 124,
          "codes": [
            "P1"
          ]
        },
        {
          "start": 128,
          "end": 128,
          "codes": [
            "P1"
          ]
        },
        {
          "start": 138,
          "end": 139,
          "codes": [
            "P1"
          ]
        },
        {
          "start": 145,
          "end": 145,
          "codes": [
            "P4"
          ]
        },
        {
          "start": 179,
          "end": 179,
          "codes": [
            "P1"
          ]
        },
        {
          "start": 181,
          "end": 181,
          "codes": [
            "P1"
          ]
        },
        {
          "start": 184,
          "end": 185,
          "codes": [
            "P1"
          ]
        },
        {
          "start": 198,
          "end": 198,
          "codes": [
            "P1"
          ]
        },
        {
          "start": 205,
          "end": 205,
          "codes": [
            "P4"
          ]
        },
        {
          "start": 209,
          "end": 209,
          "codes": [
            "P1"
          ]
        },
        {
          "start": 221,
          "end": 221,
          "codes": [
            "P1"
          ]
        },
        {
          "start": 227,
          "end": 227,
          "codes": [
            "P1"
          ]
        },
        {
          "start": 232,
          "end": 232,
          "codes": [
            "P1"
          ]
        },
        {
          "start": 259,
          "end": 260,
          "codes": [
            "P2"
          ]
        },
        {
          "start": 263,
          "end": 264,
          "codes": [
            "P2"
          ]
        },
        {
          "start": 268,
          "end": 268,
          "codes": [
            "P2"
          ]
        },
        {
          "start": 276,
          "end": 276,
          "codes": [
            "P2"
          ]
        },
        {
          "start": 427,
          "end": 427,
          "codes": [
            "P1"
          ]
        },
        {
          "start": 435,
          "end": 435,
          "codes": [
            "P1"
          ]
        },
        {
          "start": 464,
          "end": 464,
          "codes": [
            "P2"
          ]
        },
        {
          "start": 473,
          "end": 473,
          "codes": [
            "P2"
          ]
        },
        {
          "start": 479,
          "end": 479,
          "codes": [
            "P1"
          ]
        },
        {
          "start": 484,
          "end": 484,
          "codes": [
            "P1"
          ]
        },
        {
          "start": 517,
          "end": 517,
          "codes": [
            "P2"
          ]
        },
        {
          "start": 530,
          "end": 531,
          "codes": [
            "P4"
          ]
        },
        {
          "start": 535,
          "end": 535,
          "codes": [
            "P4"
          ]
        },
        {
          "start": 540,
          "end": 541,
          "codes": [
            "P4"
          ]
        },
        {
          "start": 544,
          "end": 544,
          "codes": [
            "P4"
          ]
        },
        {
          "start": 546,
          "end": 546,
          "codes": [
            "P4"
          ]
        },
        {
          "start": 550,
          "end": 550,
          "codes": [
            "P4"
          ]
        },
        {
          "start": 560,
          "end": 560,
          "codes": [
            "P2"
          ]
        },
        {
          "start": 563,
          "end": 564,
          "codes": [
            "P4"
          ]
        },
        {
          "start": 574,
          "end": 574,
          "codes": [
            "P4"
          ]
        },
        {
          "start": 580,
          "end": 580,
          "codes": [
            "P2"
          ]
        },
        {
          "start": 587,
          "end": 587,
          "codes": [
            "P4"
          ]
        },
        {
          "start": 591,
          "end": 591,
          "codes": [
            "P9"
          ]
        },
        {
          "start": 599,
          "end": 599,
          "codes": [
            "P4"
          ]
        },
        {
          "start": 604,
          "end": 604,
          "codes": [
            "P4"
          ]
        },
        {
          "start": 609,
          "end": 609,
          "codes": [
            "P2"
          ]
        },
        {
          "start": 615,
          "end": 615,
          "codes": [
            "P9"
          ]
        },
        {
          "start": 620,
          "end": 620,
          "codes": [
            "P4"
          ]
        },
        {
          "start": 628,
          "end": 628,
          "codes": [
            "P4"
          ]
        },
        {
          "start": 635,
          "end": 635,
          "codes": [
            "P4"
          ]
        },
        {
          "start": 638,
          "end": 638,
          "codes": [
            "P4"
          ]
        },
        {
          "start": 643,
          "end": 645,
          "codes": [
            "P4"
          ]
        },
        {
          "start": 649,
          "end": 651,
          "codes": [
            "P4"
          ]
        },
        {
          "start": 654,
          "end": 654,
          "codes": [
            "P4"
          ]
        },
        {
          "start": 667,
          "end": 668,
          "codes": [
            "P4"
          ]
        },
        {
          "start": 671,
          "end": 672,
          "codes": [
            "P4"
          ]
        },
        {
          "start": 674,
          "end": 675,
          "codes": [
            "P4"
          ]
        },
        {
          "start": 793,
          "end": 793,
          "codes": [
            "P2"
          ]
        },
        {
          "start": 839,
          "end": 839,
          "codes": [
            "P2"
          ]
        },
        {
          "start": 844,
          "end": 844,
          "codes": [
            "P2"
          ]
        },
        {
          "start": 857,
          "end": 857,
          "codes": [
            "P2"
          ]
        },
        {
          "start": 861,
          "end": 864,
          "codes": [
            "P5"
          ]
        },
        {
          "start": 882,
          "end": 882,
          "codes": [
            "P4"
          ]
        },
        {
          "start": 890,
          "end": 890,
          "codes": [
            "P2"
          ]
        },
        {
          "start": 892,
          "end": 892,
          "codes": [
            "P4"
          ]
        },
        {
          "start": 894,
          "end": 894,
          "codes": [
            "P4"
          ]
        },
        {
          "start": 898,
          "end": 898,
          "codes": [
            "P4"
          ]
        },
        {
          "start": 904,
          "end": 905,
          "codes": [
            "P4"
          ]
        },
        {
          "start": 910,
          "end": 910,
          "codes": [
            "P2"
          ]
        },
        {
          "start": 917,
          "end": 917,
          "codes": [
            "P4"
          ]
        },
        {
          "start": 921,
          "end": 921,
          "codes": [
            "P4"
          ]
        },
        {
          "start": 943,
          "end": 943,
          "codes": [
            "P4"
          ]
        },
        {
          "start": 960,
          "end": 960,
          "codes": [
            "P4"
          ]
        },
        {
          "start": 963,
          "end": 964,
          "codes": [
            "P4"
          ]
        },
        {
          "start": 969,
          "end": 969,
          "codes": [
            "P2"
          ]
        },
        {
          "start": 976,
          "end": 976,
          "codes": [
            "P4"
          ]
        },
        {
          "start": 994,
          "end": 994,
          "codes": [
            "P4"
          ]
        },
        {
          "start": 999,
          "end": 999,
          "codes": [
            "P4"
          ]
        },
        {
          "start": 1003,
          "end": 1003,
          "codes": [
            "P4"
          ]
        },
        {
          "start": 1008,
          "end": 1008,
          "codes": [
            "P2"
          ]
        },
        {
          "start": 1015,
          "end": 1015,
          "codes": [
            "P4"
          ]
        },
        {
          "start": 1033,
          "end": 1033,
          "codes": [
            "P4"
          ]
        },
        {
          "start": 1055,
          "end": 1055,
          "codes": [
            "P2"
          ]
        },
        {
          "start": 1100,
          "end": 1100,
          "codes": [
            "P10"
          ]
        },
        {
          "start": 1103,
          "end": 1103,
          "codes": [
            "P10"
          ]
        },
        {
          "start": 1107,
          "end": 1107,
          "codes": [
            "P4"
          ]
        },
        {
          "start": 1112,
          "end": 1112,
          "codes": [
            "P2"
          ]
        },
        {
          "start": 1119,
          "end": 1119,
          "codes": [
            "P4"
          ]
        },
        {
          "start": 1134,
          "end": 1134,
          "codes": [
            "P10"
          ]
        },
        {
          "start": 1146,
          "end": 1146,
          "codes": [
            "P2"
          ]
        },
        {
          "start": 1168,
          "end": 1168,
          "codes": [
            "P2"
          ]
        },
        {
          "start": 1213,
          "end": 1213,
          "codes": [
            "P4"
          ]
        },
        {
          "start": 1218,
          "end": 1218,
          "codes": [
            "P2"
          ]
        },
        {
          "start": 1225,
          "end": 1225,
          "codes": [
            "P4"
          ]
        },
        {
          "start": 1229,
          "end": 1229,
          "codes": [
            "P4"
          ]
        },
        {
          "start": 1257,
          "end": 1257,
          "codes": [
            "P2"
          ]
        },
        {
          "start": 1279,
          "end": 1279,
          "codes": [
            "P4"
          ]
        },
        {
          "start": 1284,
          "end": 1284,
          "codes": [
            "P2"
          ]
        },
        {
          "start": 1291,
          "end": 1291,
          "codes": [
            "P4"
          ]
        },
        {
          "start": 1295,
          "end": 1295,
          "codes": [
            "P4"
          ]
        },
        {
          "start": 1331,
          "end": 1331,
          "codes": [
            "P2"
          ]
        },
        {
          "start": 1412,
          "end": 1412,
          "codes": [
            "P2"
          ]
        },
        {
          "start": 1433,
          "end": 1433,
          "codes": [
            "P2"
          ]
        },
        {
          "start": 1480,
          "end": 1480,
          "codes": [
            "P2"
          ]
        },
        {
          "start": 1498,
          "end": 1498,
          "codes": [
            "P3"
          ]
        },
        {
          "start": 1529,
          "end": 1529,
          "codes": [
            "P2"
          ]
        },
        {
          "start": 1542,
          "end": 1542,
          "codes": [
            "P3"
          ]
        },
        {
          "start": 1568,
          "end": 1568,
          "codes": [
            "P2"
          ]
        }
      ]
    },
    "app/core/flashback_common.py": {
      "total_lines": 1143,
      "segments": [
        {
          "start": 2,
          "end": 2,
          "codes": [
            "P1"
          ]
        },
        {
          "start": 6,
          "end": 7,
          "codes": [
            "P1"
          ]
        },
        {
          "start": 15,
          "end": 15,
          "codes": [
            "P1"
          ]
        },
        {
          "start": 17,
          "end": 17,
          "codes": [
            "P1"
          ]
        },
        {
          "start": 19,
          "end": 19,
          "codes": [
            "P2"
          ]
        },
        {
          "start": 21,
          "end": 21,
          "codes": [
            "P2"
          ]
        },
        {
          "start": 29,
          "end": 29,
          "codes": [
            "P1"
          ]
        },
        {
          "start": 33,
          "end": 33,
          "codes": [
            "P1",
            "P2"
          ]
        },
        {
          "start": 36,
          "end": 36,
          "codes": [
            "P1"
          ]
        },
        {
          "start": 39,
          "end": 39,
          "codes": [
            "P1"
          ]
        },
        {
          "start": 42,
          "end": 42,
          "codes": [
            "P1"
          ]
        },
        {
          "start": 51,
          "end": 51,
          "codes": [
            "P1"
          ]
        },
        {
          "start": 55,
          "end": 55,
          "codes": [
            "P1"
          ]
        },
        {
          "start": 60,
          "end": 60,
          "codes": [
            "P1"
          ]
        },
        {
          "start": 70,
          "end": 71,
          "codes": [
            "P2"
          ]
        },
        {
          "start": 73,
          "end": 73,
          "codes": [
            "P2"
          ]
        },
        {
          "start": 102,
          "end": 102,
          "codes": [
            "P2"
          ]
        },
        {
          "start": 120,
          "end": 120,
          "codes": [
            "P1"
          ]
        },
        {
          "start": 141,
          "end": 141,
          "codes": [
            "P2"
          ]
        },
        {
          "start": 144,
          "end": 147,
          "codes": [
            "P1"
          ]
        },
        {
          "start": 150,
          "end": 150,
          "codes": [
            "P1"
          ]
        },
        {
          "start": 156,
          "end": 156,
          "codes": [
            "P2"
          ]
        },
        {
          "start": 179,
          "end": 180,
          "codes": [
            "P1"
          ]
        },
        {
          "start": 190,
          "end": 192,
          "codes": [
            "P1"
          ]
        },
        {
          "start": 197,
          "end": 197,
          "codes": [
            "P1"
          ]
        },
        {
          "start": 202,
          "end": 204,
          "codes": [
            "P1"
          ]
        },
        {
          "start": 206,
          "end": 208,
          "codes": [
            "P1"
          ]
        },
        {
          "start": 211,
          "end": 214,
          "codes": [
            "P1"
          ]
        },
        {
          "start": 217,
          "end": 221,
          "codes": [
            "P1"
          ]
        },
        {
          "start": 224,
          "end": 225,
          "codes": [
            "P1"
          ]
        },
        {
          "start": 227,
          "end": 227,
          "codes": [
            "P1"
          ]
        },
        {
          "start": 229,
          "end": 230,
          "codes": [
            "P1"
          ]
        },
        {
          "start": 232,
          "end": 232,
          "codes": [
            "P2"
          ]
        },
        {
          "start": 233,
          "end": 236,
          "codes": [
            "P1"
          ]
        },
        {
          "start": 237,
          "end": 237,
          "codes": [
            "P1",
            "P2"
          ]
        },
        {
          "start": 238,
          "end": 239,
          "codes": [
            "P1"
          ]
        },
        {
          "start": 241,
          "end": 241,
          "codes": [
            "P1"
          ]
        },
        {
          "start": 245,
          "end": 245,
          "codes": [
            "P1"
          ]
        },
        {
          "start": 253,
          "end": 253,
          "codes": [
            "P1"
          ]
        },
        {
          "start": 349,
          "end": 349,
          "codes": [
            "P2"
          ]
        },
        {
          "start": 359,
          "end": 359,
          "codes": [
            "P2"
          ]
        },
        {
          "start": 381,
          "end": 381,
          "codes": [
            "P1"
          ]
        },
        {
          "start": 385,
          "end": 386,
          "codes": [
            "P1"
          ]
        },
        {
          "start": 391,
          "end": 391,
          "codes": [
            "P2"
          ]
        },
        {
          "start": 410,
          "end": 410,
          "codes": [
            "P1"
          ]
        },
        {
          "start": 481,
          "end": 481,
          "codes": [
            "P1"
          ]
        },
        {
          "start": 484,
          "end": 484,
          "codes": [
            "P1"
          ]
        },
        {
          "start": 495,
          "end": 495,
          "codes": [
            "P2"
          ]
        },
        {
          "start": 513,
          "end": 513,
          "codes": [
            "P1"
          ]
        },
        {
          "start": 544,
          "end": 544,
          "codes": [
            "P1"
          ]
        },
        {
          "start": 555,
          "end": 555,
          "codes": [
            "P1"
          ]
        },
        {
          "start": 578,
          "end": 578,
          "codes": [
            "P1"
          ]
        },
        {
          "start": 582,
          "end": 582,
          "codes": [
            "P1"
          ]
        },
        {
          "start": 602,
          "end": 602,
          "codes": [
            "P1"
          ]
        },
        {
          "start": 618,
          "end": 618,
          "codes": [
            "P1"
          ]
        },
        {
          "start": 629,
          "end": 629,
          "codes": [
            "P2"
          ]
        },
        {
          "start": 645,
          "end": 645,
          "codes": [
            "P1"
          ]
        },
        {
          "start": 655,
          "end": 655,
          "codes": [
            "P1"
          ]
        },
        {
          "start": 660,
          "end": 661,
          "codes": [
            "P1"
          ]
        },
        {
          "start": 671,
          "end": 671,
          "codes": [
            "P1"
          ]
        },
        {
          "start": 675,
          "end": 675,
          "codes": [
            "P1"
          ]
        },
        {
          "start": 684,
          "end": 684,
          "codes": [
            "P2"
          ]
        },
        {
          "start": 692,
          "end": 692,
          "codes": [
            "P1"
          ]
        },
        {
          "start": 695,
          "end": 695,
          "codes": [
            "P1"
          ]
        },
        {
          "start": 702,
          "end": 702,
          "codes": [
            "P1"
          ]
        },
        {
          "start": 722,
          "end": 722,
          "codes": [
            "P1"
          ]
        },
        {
          "start": 763,
          "end": 763,
          "codes": [
            "P1"
          ]
        },
        {
          "start": 793,
          "end": 793,
          "codes": [
            "P1"
          ]
        },
        {
          "start": 811,
          "end": 811,
          "codes": [
            "P1"
          ]
        },
        {
          "start": 823,
          "end": 823,
          "codes": [
            "P3"
          ]
        },
        {
          "start": 840,
          "end": 840,
          "codes": [
            "P1"
          ]
        },
        {
          "start": 869,
          "end": 869,
          "codes": [
            "P1"
          ]
        },
        {
          "start": 899,
          "end": 899,
          "codes": [
            "P1"
          ]
        },
        {
          "start": 959,
          "end": 959,
          "codes": [
            "P1"
          ]
        },
        {
          "start": 1029,
          "end": 1029,
          "codes": [
            "P1"
          ]
        },
        {
          "start": 1039,
          "end": 1039,
          "codes": [
            "P1"
          ]
        },
        {
          "start": 1073,
          "end": 1073,
          "codes": [
            "P1"
          ]
        },
        {
          "start": 1084,
          "end": 1084,
          "codes": [
            "P3"
          ]
        },
        {
          "start": 1087,
          "end": 1087,
          "codes": [
            "P1"
          ]
        },
        {
          "start": 1091,
          "end": 1091,
          "codes": [
            "P1"
          ]
        },
        {
          "start": 1103,
          "end": 1103,
          "codes": [
            "P1"
          ]
        },
        {
          "start": 1122,
          "end": 1122,
          "codes": [
            "P3"
          ]
        },
        {
          "start": 1126,
          "end": 1126,
          "codes": [
            "P1"
          ]
        }
      ]
    },
    "app/core/ai_state_bus.py": {
      "total_lines": 504,
      "segments": [
        {
          "start": 1,
          "end": 1,
          "codes": [
            "P1"
          ]
        },
        {
          "start": 15,
          "end": 15,
          "codes": [
            "P2"
          ]
        },
        {
          "start": 18,
          "end": 18,
          "codes": [
            "P7"
          ]
        },
        {
          "start": 30,
          "end": 30,
          "codes": [
            "P4",
            "P7"
          ]
        },
        {
          "start": 35,
          "end": 35,
          "codes": [
            "P3",
            "P4",
            "P7"
          ]
        },
        {
          "start": 44,
          "end": 44,
          "codes": [
            "P1"
          ]
        },
        {
          "start": 75,
          "end": 78,
          "codes": [
            "P1"
          ]
        },
        {
          "start": 136,
          "end": 136,
          "codes": [
            "P2"
          ]
        },
        {
          "start": 209,
          "end": 210,
          "codes": [
            "P7"
          ]
        },
        {
          "start": 214,
          "end": 214,
          "codes": [
            "P4"
          ]
        },
        {
          "start": 228,
          "end": 228,
          "codes": [
            "P7"
          ]
        },
        {
          "start": 244,
          "end": 244,
          "codes": [
            "P7"
          ]
        },
        {
          "start": 283,
          "end": 283,
          "codes": [
            "P7"
          ]
        },
        {
          "start": 285,
          "end": 285,
          "codes": [
            "P7"
          ]
        },
        {
          "start": 290,
          "end": 290,
          "codes": [
            "P7"
          ]
        },
        {
          "start": 296,
          "end": 296,
          "codes": [
            "P7"
          ]
        },
        {
          "start": 303,
          "end": 303,
          "codes": [
            "P7"
          ]
        },
        {
          "start": 309,
          "end": 309,
          "codes": [
            "P7"
          ]
        },
        {
          "start": 334,
          "end": 334,
          "codes": [
            "P7"
          ]
        },
        {
          "start": 339,
          "end": 339,
          "codes": [
            "P7"
          ]
        },
        {
          "start": 351,
          "end": 351,
          "codes": [
            "P7"
          ]
        },
        {
          "start": 354,
          "end": 354,
          "codes": [
            "P7"
          ]
        },
        {
          "start": 356,
          "end": 356,
          "codes": [
            "P7"
          ]
        },
        {
          "start": 368,
          "end": 369,
          "codes": [
            "P7"
          ]
        },
        {
          "start": 382,
          "end": 383,
          "codes": [
            "P7"
          ]
        },
        {
          "start": 389,
          "end": 389,
          "codes": [
            "P7"
          ]
        },
        {
          "start": 391,
          "end": 391,
          "codes": [
            "P7"
          ]
        },
        {
          "start": 393,
          "end": 393,
          "codes": [
            "P7"
          ]
        },
        {
          "start": 396,
          "end": 396,
          "codes": [
            "P4",
            "P7"
          ]
        },
        {
          "start": 400,
          "end": 400,
          "codes": [
            "P7"
          ]
        },
        {
          "start": 407,
          "end": 409,
          "codes": [
            "P7"
          ]
        },
        {
          "start": 418,
          "end": 418,
          "codes": [
            "P7"
          ]
        },
        {
          "start": 423,
          "end": 423,
          "codes": [
            "P7"
          ]
        },
        {
          "start": 426,
          "end": 426,
          "codes": [
            "P7"
          ]
        },
        {
          "start": 428,
          "end": 428,
          "codes": [
            "P7"
          ]
        },
        {
          "start": 431,
          "end": 431,
          "codes": [
            "P2"
          ]
        },
        {
          "start": 440,
          "end": 441,
          "codes": [
            "P7"
          ]
        },
        {
          "start": 451,
          "end": 451,
          "codes": [
            "P7"
          ]
        },
        {
          "start": 453,
          "end": 453,
          "codes": [
            "P7"
          ]
        },
        {
          "start": 455,
          "end": 455,
          "codes": [
            "P7"
          ]
        },
        {
          "start": 473,
          "end": 474,
          "codes": [
            "P7"
          ]
        },
        {
          "start": 478,
          "end": 478,
          "codes": [
            "P4",
            "P7"
          ]
        },
        {
          "start": 482,
          "end": 482,
          "codes": [
            "P7"
          ]
        },
        {
          "start": 489,
          "end": 491,
          "codes": [
            "P7"
          ]
        },
        {
          "start": 500,
          "end": 500,
          "codes": [
            "P7"
          ]
        }
      ]
    },
    "app/core/position_bus.py": {
      "total_lines": 437,
      "segments": [
        {
          "start": 1,
          "end": 1,
          "codes": [
            "P1"
          ]
        },
        {
          "start": 17,
          "end": 17,
          "codes": [
            "P1",
            "P7"
          ]
        },
        {
          "start": 33,
          "end": 33,
          "codes": [
            "P2"
          ]
        },
        {
          "start": 81,
          "end": 81,
          "codes": [
            "P7"
          ]
        },
        {
          "start": 84,
          "end": 84,
          "codes": [
            "P1"
          ]
        },
        {
          "start": 88,
          "end": 88,
          "codes": [
            "P1"
          ]
        },
        {
          "start": 93,
          "end": 93,
          "codes": [
            "P1",
            "P2"
          ]
        },
        {
          "start": 96,
          "end": 96,
          "codes": [
            "P1"
          ]
        },
        {
          "start": 158,
          "end": 158,
          "codes": [
            "P2"
          ]
        },
        {
          "start": 168,
          "end": 168,
          "codes": [
            "P2"
          ]
        },
        {
          "start": 177,
          "end": 177,
          "codes": [
            "P7"
          ]
        },
        {
          "start": 313,
          "end": 314,
          "codes": [
            "P2"
          ]
        },
        {
          "start": 316,
          "end": 316,
          "codes": [
            "P2"
          ]
        },
        {
          "start": 409,
          "end": 409,
          "codes": [
            "P2"
          ]
        },
        {
          "start": 412,
          "end": 412,
          "codes": [
            "P2"
          ]
        }
      ]
    },
    "app/core/ws_switchboard.py": {
      "total_lines": 996,
      "segments": [
        {
          "start": 1,
          "end": 1,
          "codes": [
            "P1"
          ]
        },
        {
          "start": 4,
          "end": 4,
          "codes": [
            "P3"
          ]
        },
        {
          "start": 9,
          "end": 10,
          "codes": [
            "P1"
          ]
        },
        {
          "start": 12,
          "end": 12,
          "codes": [
            "P1"
          ]
        },
        {
          "start": 27,
          "end": 27,
          "codes": [
            "P7"
          ]
        },
        {
          "start": 36,
          "end": 37,
          "codes": [
            "P1"
          ]
        },
        {
          "start": 44,
          "end": 44,
          "codes": [
            "P1"
          ]
        },
        {
          "start": 55,
          "end": 55,
          "codes": [
            "P1"
          ]
        },
        {
          "start": 57,
          "end": 58,
          "codes": [
            "P1"
          ]
        },
        {
          "start": 62,
          "end": 62,
          "codes": [
            "P1"
          ]
        },
        {
          "start": 70,
          "end": 70,
          "codes": [
            "P2"
          ]
        },
        {
          "start": 73,
          "end": 73,
          "codes": [
            "P2"
          ]
        },
        {
          "start": 87,
          "end": 87,
          "codes": [
            "P2"
          ]
        },
        {
          "start": 93,
          "end": 93,
          "codes": [
            "P2"
          ]
        },
        {
          "start": 95,
          "end": 96,
          "codes": [
            "P2"
          ]
        },
        {
          "start": 101,
          "end": 102,
          "codes": [
            "P2"
          ]
        },
        {
          "start": 109,
          "end": 109,
          "codes": [
            "P1"
          ]
        },
        {
          "start": 119,
          "end": 119,
          "codes": [
            "P7"
          ]
        },
        {
          "start": 120,
          "end": 121,
          "codes": [
            "P3"
          ]
        },
        {
          "start": 125,
          "end": 125,
          "codes": [
            "P1"
          ]
        },
        {
          "start": 140,
          "end": 141,
          "codes": [
            "P1"
          ]
        },
        {
          "start": 143,
          "end": 144,
          "codes": [
            "P1"
          ]
        },
        {
          "start": 146,
          "end": 147,
          "codes": [
            "P1"
          ]
        },
        {
          "start": 163,
          "end": 163,
          "codes": [
            "P1"
          ]
        },
        {
          "start": 167,
          "end": 167,
          "codes": [
            "P2"
          ]
        },
        {
          "start": 193,
          "end": 193,
          "codes": [
            "P2"
          ]
        },
        {
          "start": 266,
          "end": 266,
          "codes": [
            "P2"
          ]
        },
        {
          "start": 273,
          "end": 274,
          "codes": [
            "P2"
          ]
        },
        {
          "start": 276,
          "end": 278,
          "codes": [
            "P2"
          ]
        },
        {
          "start": 283,
          "end": 283,
          "codes": [
            "P2"
          ]
        },
        {
          "start": 284,
          "end": 284,
          "codes": [
            "P7"
          ]
        },
        {
          "start": 289,
          "end": 289,
          "codes": [
            "P2"
          ]
        },
        {
          "start": 293,
          "end": 293,
          "codes": [
            "P7"
          ]
        },
        {
          "start": 382,
          "end": 385,
          "codes": [
            "P1"
          ]
        },
        {
          "start": 419,
          "end": 419,
          "codes": [
            "P2"
          ]
        },
        {
          "start": 439,
          "end": 440,
          "codes": [
            "P2"
          ]
        },
        {
          "start": 446,
          "end": 446,
          "codes": [
            "P2"
          ]
        },
        {
          "start": 451,
          "end": 451,
          "codes": [
            "P2"
          ]
        },
        {
          "start": 457,
          "end": 457,
          "codes": [
            "P2"
          ]
        },
        {
          "start": 478,
          "end": 478,
          "codes": [
            "P1"
          ]
        },
        {
          "start": 485,
          "end": 485,
          "codes": [
            "P2"
          ]
        },
        {
          "start": 486,
          "end": 486,
          "codes": [
            "P1"
          ]
        },
        {
          "start": 490,
          "end": 490,
          "codes": [
            "P2"
          ]
        },
        {
          "start": 492,
          "end": 492,
          "codes": [
            "P1"
          ]
        },
        {
          "start": 504,
          "end": 505,
          "codes": [
            "P2"
          ]
        },
        {
          "start": 508,
          "end": 508,
          "codes": [
            "P2"
          ]
        },
        {
          "start": 521,
          "end": 522,
          "codes": [
            "P1"
          ]
        },
        {
          "start": 524,
          "end": 524,
          "codes": [
            "P1"
          ]
        },
        {
          "start": 534,
          "end": 534,
          "codes": [
            "P1"
          ]
        },
        {
          "start": 537,
          "end": 537,
          "codes": [
            "P1"
          ]
        },
        {
          "start": 546,
          "end": 546,
          "codes": [
            "P2"
          ]
        },
        {
          "start": 578,
          "end": 578,
          "codes": [
            "P2"
          ]
        },
        {
          "start": 581,
          "end": 581,
          "codes": [
            "P2"
          ]
        },
        {
          "start": 596,
          "end": 596,
          "codes": [
            "P2"
          ]
        },
        {
          "start": 607,
          "end": 607,
          "codes": [
            "P2"
          ]
        },
        {
          "start": 627,
          "end": 627,
          "codes": [
            "P2"
          ]
        },
        {
          "start": 636,
          "end": 636,
          "codes": [
            "P2"
          ]
        },
        {
          "start": 655,
          "end": 655,
          "codes": [
            "P2"
          ]
        },
        {
          "start": 665,
          "end": 665,
          "codes": [
            "P2"
          ]
        },
        {
          "start": 803,
          "end": 803,
          "codes": [
            "P2"
          ]
        },
        {
          "start": 826,
          "end": 826,
          "codes": [
            "P2"
          ]
        },
        {
          "start": 872,
          "end": 872,
          "codes": [
            "P2"
          ]
        },
        {
          "start": 892,
          "end": 892,
          "codes": [
            "P1",
            "P2"
          ]
        },
        {
          "start": 894,
          "end": 895,
          "codes": [
            "P1"
          ]
        },
        {
          "start": 897,
          "end": 898,
          "codes": [
            "P1"
          ]
        },
        {
          "start": 900,
          "end": 900,
          "codes": [
            "P2"
          ]
        },
        {
          "start": 902,
          "end": 902,
          "codes": [
            "P2"
          ]
        },
        {
          "start": 903,
          "end": 903,
          "codes": [
            "P1"
          ]
        },
        {
          "start": 905,
          "end": 905,
          "codes": [
            "P1"
          ]
        },
        {
          "start": 907,
          "end": 907,
          "codes": [
            "P3"
          ]
        },
        {
          "start": 908,
          "end": 908,
          "codes": [
            "P2"
          ]
        },
        {
          "start": 930,
          "end": 930,
          "codes": [
            "P2"
          ]
        },
        {
          "start": 939,
          "end": 939,
          "codes": [
            "P2"
          ]
        },
        {
          "start": 955,
          "end": 955,
          "codes": [
            "P2"
          ]
        },
        {
          "start": 958,
          "end": 958,
          "codes": [
            "P2"
          ]
        },
        {
          "start": 960,
          "end": 961,
          "codes": [
            "P2"
          ]
        },
        {
          "start": 964,
          "end": 964,
          "codes": [
            "P2"
          ]
        },
        {
          "start": 968,
          "end": 968,
          "codes": [
            "P2"
          ]
        },
        {
          "start": 978,
          "end": 978,
          "codes": [
            "P2"
          ]
        },
        {
          "start": 989,
          "end": 989,
          "codes": [
            "P2",
            "P3"
          ]
        }
      ]
    },
    "app/ws/ws_switchboard.py": {
      "total_lines": 21,
      "segments": [
        {
          "start": 1,
          "end": 1,
          "codes": [
            "P1"
          ]
        }
      ]
    },
    "app/bots/ws_switchboard.py": {
      "total_lines": 101,
      "segments": [
        {
          "start": 1,
          "end": 1,
          "codes": [
            "P1"
          ]
        },
        {
          "start": 4,
          "end": 4,
          "codes": [
            "P3"
          ]
        },
        {
          "start": 12,
          "end": 12,
          "codes": [
            "P10"
          ]
        },
        {
          "start": 30,
          "end": 30,
          "codes": [
            "P2"
          ]
        },
        {
          "start": 37,
          "end": 37,
          "codes": [
            "P2"
          ]
        },
        {
          "start": 44,
          "end": 44,
          "codes": [
            "P1",
            "P2"
          ]
        },
        {
          "start": 49,
          "end": 49,
          "codes": [
            "P2"
          ]
        },
        {
          "start": 64,
          "end": 64,
          "codes": [
            "P2"
          ]
        },
        {
          "start": 75,
          "end": 75,
          "codes": [
            "P2"
          ]
        },
        {
          "start": 88,
          "end": 88,
          "codes": [
            "P2"
          ]
        }
      ]
    },
    "app/ai/ai_decision_enforcer.py": {
      "total_lines": 429,
      "segments": [
        {
          "start": 1,
          "end": 1,
          "codes": [
            "P1"
          ]
        },
        {
          "start": 12,
          "end": 12,
          "codes": [
            "P1",
            "P4"
          ]
        },
        {
          "start": 15,
          "end": 16,
          "codes": [
            "P4"
          ]
        },
        {
          "start": 17,
          "end": 17,
          "codes": [
            "P1"
          ]
        },
        {
          "start": 20,
          "end": 20,
          "codes": [
            "P1"
          ]
        },
        {
          "start": 23,
          "end": 23,
          "codes": [
            "P1"
          ]
        },
        {
          "start": 26,
          "end": 26,
          "codes": [
            "P4"
          ]
        },
        {
          "start": 29,
          "end": 29,
          "codes": [
            "P4"
          ]
        },
        {
          "start": 31,
          "end": 31,
          "codes": [
            "P1"
          ]
        },
        {
          "start": 34,
          "end": 34,
          "codes": [
            "P1"
          ]
        },
        {
          "start": 40,
          "end": 40,
          "codes": [
            "P4"
          ]
        },
        {
          "start": 45,
          "end": 45,
          "codes": [
            "P10"
          ]
        },
        {
          "start": 47,
          "end": 47,
          "codes": [
            "P4"
          ]
        },
        {
          "start": 112,
          "end": 112,
          "codes": [
            "P2"
          ]
        },
        {
          "start": 121,
          "end": 121,
          "codes": [
            "P4"
          ]
        },
        {
          "start": 156,
          "end": 156,
          "codes": [
            "P4"
          ]
        },
        {
          "start": 195,
          "end": 198,
          "codes": [
            "P4"
          ]
        },
        {
          "start": 201,
          "end": 201,
          "codes": [
            "P4"
          ]
        },
        {
          "start": 203,
          "end": 203,
          "codes": [
            "P4"
          ]
        },
        {
          "start": 207,
          "end": 209,
          "codes": [
            "P4"
          ]
        },
        {
          "start": 212,
          "end": 212,
          "codes": [
            "P4"
          ]
        },
        {
          "start": 214,
          "end": 214,
          "codes": [
            "P4"
          ]
        },
        {
          "start": 217,
          "end": 217,
          "codes": [
            "P4"
          ]
        },
        {
          "start": 221,
          "end": 221,
          "codes": [
            "P4"
          ]
        },
        {
          "start": 224,
          "end": 225,
          "codes": [
            "P4"
          ]
        },
        {
          "start": 229,
          "end": 229,
          "codes": [
            "P4"
          ]
        },
        {
          "start": 236,
          "end": 236,
          "codes": [
            "P4"
          ]
        },
        {
          "start": 239,
          "end": 239,
          "codes": [
            "P4"
          ]
        },
        {
          "start": 243,
          "end": 243,
          "codes": [
            "P4"
          ]
        },
        {
          "start": 248,
          "end": 248,
          "codes": [
            "P4"
          ]
        },
        {
          "start": 255,
          "end": 255,
          "codes": [
            "P4"
          ]
        },
        {
          "start": 304,
          "end": 304,
          "codes": [
            "P2"
          ]
        },
        {
          "start": 316,
          "end": 317,
          "codes": [
            "P2"
          ]
        },
        {
          "start": 393,
          "end": 394,
          "codes": [
            "P2"
          ]
        },
        {
          "start": 400,
          "end": 400,
          "codes": [
            "P4"
          ]
        },
        {
          "start": 406,
          "end": 407,
          "codes": [
            "P4"
          ]
        },
        {
          "start": 424,
          "end": 425,
          "codes": [
            "P4"
          ]
        }
      ]
    },
    "app/core/ai_decision_logger.py": {
      "total_lines": 647,
      "segments": [
        {
          "start": 1,
          "end": 1,
          "codes": [
            "P1"
          ]
        },
        {
          "start": 5,
          "end": 5,
          "codes": [
            "P1"
          ]
        },
        {
          "start": 16,
          "end": 16,
          "codes": [
            "P1",
            "P4"
          ]
        },
        {
          "start": 17,
          "end": 17,
          "codes": [
            "P4"
          ]
        },
        {
          "start": 21,
          "end": 21,
          "codes": [
            "P2"
          ]
        },
        {
          "start": 24,
          "end": 24,
          "codes": [
            "P4"
          ]
        },
        {
          "start": 28,
          "end": 28,
          "codes": [
            "P2"
          ]
        },
        {
          "start": 29,
          "end": 29,
          "codes": [
            "P1"
          ]
        },
        {
          "start": 33,
          "end": 33,
          "codes": [
            "P2"
          ]
        },
        {
          "start": 37,
          "end": 37,
          "codes": [
            "P2"
          ]
        },
        {
          "start": 38,
          "end": 38,
          "codes": [
            "P4"
          ]
        },
        {
          "start": 46,
          "end": 46,
          "codes": [
            "P1"
          ]
        },
        {
          "start": 52,
          "end": 52,
          "codes": [
            "P1",
            "P4"
          ]
        },
        {
          "start": 53,
          "end": 53,
          "codes": [
            "P1"
          ]
        },
        {
          "start": 57,
          "end": 57,
          "codes": [
            "P1"
          ]
        },
        {
          "start": 61,
          "end": 61,
          "codes": [
            "P1"
          ]
        },
        {
          "start": 68,
          "end": 68,
          "codes": [
            "P1"
          ]
        },
        {
          "start": 74,
          "end": 74,
          "codes": [
            "P1"
          ]
        },
        {
          "start": 82,
          "end": 82,
          "codes": [
            "P1"
          ]
        },
        {
          "start": 89,
          "end": 89,
          "codes": [
            "P1"
          ]
        },
        {
          "start": 96,
          "end": 96,
          "codes": [
            "P1"
          ]
        },
        {
          "start": 173,
          "end": 173,
          "codes": [
            "P2"
          ]
        },
        {
          "start": 184,
          "end": 184,
          "codes": [
            "P2"
          ]
        },
        {
          "start": 232,
          "end": 233,
          "codes": [
            "P2"
          ]
        },
        {
          "start": 257,
          "end": 257,
          "codes": [
            "P4"
          ]
        },
        {
          "start": 299,
          "end": 299,
          "codes": [
            "P2"
          ]
        },
        {
          "start": 303,
          "end": 303,
          "codes": [
            "P2"
          ]
        },
        {
          "start": 315,
          "end": 315,
          "codes": [
            "P2"
          ]
        },
        {
          "start": 324,
          "end": 324,
          "codes": [
            "P2"
          ]
        },
        {
          "start": 337,
          "end": 337,
          "codes": [
            "P4"
          ]
        },
        {
          "start": 339,
          "end": 341,
          "codes": [
            "P4"
          ]
        },
        {
          "start": 344,
          "end": 344,
          "codes": [
            "P1"
          ]
        },
        {
          "start": 436,
          "end": 436,
          "codes": [
            "P2"
          ]
        },
        {
          "start": 450,
          "end": 450,
          "codes": [
            "P2"
          ]
        },
        {
          "start": 470,
          "end": 470,
          "codes": [
            "P2"
          ]
        },
        {
          "start": 484,
          "end": 484,
          "codes": [
            "P2"
          ]
        },
        {
          "start": 489,
          "end": 490,
          "codes": [
            "P4"
          ]
        },
        {
          "start": 495,
          "end": 495,
          "codes": [
            "P2"
          ]
        },
        {
          "start": 502,
          "end": 502,
          "codes": [
            "P2"
          ]
        },
        {
          "start": 509,
          "end": 510,
          "codes": [
            "P4"
          ]
        },
        {
          "start": 514,
          "end": 515,
          "codes": [
            "P4"
          ]
        },
        {
          "start": 518,
          "end": 518,
          "codes": [
            "P2"
          ]
        },
        {
          "start": 581,
          "end": 581,
          "codes": [
            "P4"
          ]
        },
        {
          "start": 583,
          "end": 583,
          "codes": [
            "P4"
          ]
        },
        {
          "start": 600,
          "end": 600,
          "codes": [
            "P2"
          ]
        }
      ]
    },
    "app/ai/ai_memory_contract.py": {
      "total_lines": 671,
      "segments": [
        {
          "start": 1,
          "end": 1,
          "codes": [
            "P1"
          ]
        },
        {
          "start": 11,
          "end": 11,
          "codes": [
            "P5"
          ]
        },
        {
          "start": 19,
          "end": 19,
          "codes": [
            "P1"
          ]
        },
        {
          "start": 59,
          "end": 59,
          "codes": [
            "P2"
          ]
        },
        {
          "start": 65,
          "end": 66,
          "codes": [
            "P5"
          ]
        },
        {
          "start": 72,
          "end": 72,
          "codes": [
            "P8"
          ]
        },
        {
          "start": 203,
          "end": 203,
          "codes": [
            "P2"
          ]
        },
        {
          "start": 351,
          "end": 351,
          "codes": [
            "P4"
          ]
        },
        {
          "start": 384,
          "end": 384,
          "codes": [
            "P8"
          ]
        },
        {
          "start": 392,
          "end": 392,
          "codes": [
            "P4"
          ]
        },
        {
          "start": 395,
          "end": 395,
          "codes": [
            "P4"
          ]
        },
        {
          "start": 428,
          "end": 428,
          "codes": [
            "P5"
          ]
        },
        {
          "start": 434,
          "end": 434,
          "codes": [
            "P4"
          ]
        },
        {
          "start": 437,
          "end": 437,
          "codes": [
            "P4"
          ]
        },
        {
          "start": 441,
          "end": 441,
          "codes": [
            "P8"
          ]
        },
        {
          "start": 484,
          "end": 485,
          "codes": [
            "P5"
          ]
        },
        {
          "start": 511,
          "end": 511,
          "codes": [
            "P2"
          ]
        },
        {
          "start": 518,
          "end": 518,
          "codes": [
            "P1"
          ]
        },
        {
          "start": 525,
          "end": 526,
          "codes": [
            "P5"
          ]
        },
        {
          "start": 531,
          "end": 532,
          "codes": [
            "P5"
          ]
        },
        {
          "start": 547,
          "end": 547,
          "codes": [
            "P1"
          ]
        },
        {
          "start": 559,
          "end": 559,
          "codes": [
            "P1"
          ]
        },
        {
          "start": 564,
          "end": 565,
          "codes": [
            "P2"
          ]
        },
        {
          "start": 567,
          "end": 567,
          "codes": [
            "P2"
          ]
        },
        {
          "start": 568,
          "end": 569,
          "codes": [
            "P4"
          ]
        }
      ]
    },
    "app/ai/ai_decision_outcome_linker.py": {
      "total_lines": 586,
      "segments": [
        {
          "start": 1,
          "end": 1,
          "codes": [
            "P1"
          ]
        },
        {
          "start": 5,
          "end": 5,
          "codes": [
            "P8"
          ]
        },
        {
          "start": 8,
          "end": 8,
          "codes": [
            "P4"
          ]
        },
        {
          "start": 10,
          "end": 10,
          "codes": [
            "P2",
            "P8"
          ]
        },
        {
          "start": 11,
          "end": 11,
          "codes": [
            "P8"
          ]
        },
        {
          "start": 36,
          "end": 36,
          "codes": [
            "P4"
          ]
        },
        {
          "start": 76,
          "end": 76,
          "codes": [
            "P4"
          ]
        },
        {
          "start": 171,
          "end": 171,
          "codes": [
            "P2"
          ]
        },
        {
          "start": 177,
          "end": 177,
          "codes": [
            "P2"
          ]
        },
        {
          "start": 183,
          "end": 183,
          "codes": [
            "P2"
          ]
        },
        {
          "start": 203,
          "end": 203,
          "codes": [
            "P2"
          ]
        },
        {
          "start": 225,
          "end": 225,
          "codes": [
            "P4"
          ]
        },
        {
          "start": 228,
          "end": 228,
          "codes": [
            "P4"
          ]
        },
        {
          "start": 231,
          "end": 231,
          "codes": [
            "P4"
          ]
        },
        {
          "start": 246,
          "end": 246,
          "codes": [
            "P4"
          ]
        },
        {
          "start": 294,
          "end": 294,
          "codes": [
            "P4"
          ]
        },
        {
          "start": 316,
          "end": 316,
          "codes": [
            "P2"
          ]
        },
        {
          "start": 325,
          "end": 325,
          "codes": [
            "P2"
          ]
        },
        {
          "start": 401,
          "end": 402,
          "codes": [
            "P4"
          ]
        },
        {
          "start": 410,
          "end": 410,
          "codes": [
            "P2"
          ]
        },
        {
          "start": 417,
          "end": 417,
          "codes": [
            "P6"
          ]
        },
        {
          "start": 424,
          "end": 424,
          "codes": [
            "P6"
          ]
        },
        {
          "start": 426,
          "end": 426,
          "codes": [
            "P6",
            "P8"
          ]
        },
        {
          "start": 428,
          "end": 428,
          "codes": [
            "P8"
          ]
        },
        {
          "start": 430,
          "end": 430,
          "codes": [
            "P8"
          ]
        },
        {
          "start": 432,
          "end": 432,
          "codes": [
            "P6"
          ]
        },
        {
          "start": 438,
          "end": 439,
          "codes": [
            "P6"
          ]
        },
        {
          "start": 445,
          "end": 445,
          "codes": [
            "P2"
          ]
        },
        {
          "start": 448,
          "end": 448,
          "codes": [
            "P8"
          ]
        },
        {
          "start": 459,
          "end": 460,
          "codes": [
            "P2"
          ]
        },
        {
          "start": 466,
          "end": 468,
          "codes": [
            "P8"
          ]
        },
        {
          "start": 469,
          "end": 469,
          "codes": [
            "P2",
            "P8"
          ]
        },
        {
          "start": 470,
          "end": 470,
          "codes": [
            "P8"
          ]
        },
        {
          "start": 474,
          "end": 474,
          "codes": [
            "P8"
          ]
        },
        {
          "start": 477,
          "end": 477,
          "codes": [
            "P2"
          ]
        },
        {
          "start": 485,
          "end": 485,
          "codes": [
            "P2"
          ]
        },
        {
          "start": 490,
          "end": 490,
          "codes": [
            "P8"
          ]
        },
        {
          "start": 491,
          "end": 491,
          "codes": [
            "P6"
          ]
        }
      ]
    }
  },
  "missing": []
}