{
  "repo_root": "C:\\Flashback",
  "files_scanned": 251,
  "phase_summary": {
    "P1": {
      "title": "Core Infrastructure & Exchange Abstraction",
      "primary_files": 156,
      "total_primary_score": 1020
    },
    "P2": {
      "title": "Multi-Account & Capital Topology",
      "primary_files": 15,
      "total_primary_score": 75
    },
    "P3": {
      "title": "Market Data & Execution Plumbing",
      "primary_files": 2,
      "total_primary_score": 10
    },
    "P4": {
      "title": "AI Decision Gate & Enforcement",
      "primary_files": 17,
      "total_primary_score": 102
    },
    "P5": {
      "title": "AI Memory Contract & Journal",
      "primary_files": 8,
      "total_primary_score": 48
    },
    "P6": {
      "title": "Memory Integrity, Replay & Analytics",
      "primary_files": 6,
      "total_primary_score": 36
    },
    "P7": {
      "title": "AI State Bus & Safety Snapshot",
      "primary_files": 7,
      "total_primary_score": 49
    },
    "P8": {
      "title": "Decision Outcome Linking & Learning Signals",
      "primary_files": 20,
      "total_primary_score": 140
    },
    "P9": {
      "title": "Adaptive Strategy & Auto-Execution",
      "primary_files": 1,
      "total_primary_score": 6
    },
    "P10": {
      "title": "Autonomous Portfolio Intelligence",
      "primary_files": 5,
      "total_primary_score": 30
    }
  },
  "top_files_by_phase": {
    "P1": [
      {
        "path": "app/ai/ai_block_log.py",
        "size": 616,
        "primary_phase": "P1",
        "score": 7,
        "all_phase_scores": {
          "P1": 7,
          "P4": 6
        },
        "reasons": {
          "P1": [
            "infra/exchange abstraction",
            "infra/logging/state roots"
          ],
          "P4": [
            "decision gate/enforcement"
          ]
        },
        "symbols_sample": [
          "_now_ms",
          "log_block"
        ]
      },
      {
        "path": "app/ai/ai_decision_enforcer.py",
        "size": 14430,
        "primary_phase": "P1",
        "score": 7,
        "all_phase_scores": {
          "P1": 7,
          "P4": 6,
          "P10": 6,
          "P2": 5
        },
        "reasons": {
          "P1": [
            "infra/exchange abstraction",
            "infra/logging/state roots"
          ],
          "P2": [
            "multi-account/capital topology"
          ],
          "P4": [
            "decision gate/enforcement"
          ],
          "P10": [
            "portfolio intelligence/coordination"
          ]
        },
        "symbols_sample": [
          "_matches_trade_id",
          "_tail_read_text",
          "_read_lines_reverse",
          "_is_manual_override_row",
          "_is_executor_post_enforce_row",
          "_is_executor_output_row",
          "_safe_float",
          "_clean_code",
          "_canonical_pilot_decision_code",
          "_normalize_manual_or_pilot",
          "_decision_signature_semantic",
          "_ts_ms",
          "_is_valid_pilot_input_row",
          "_is_preexisting_ok",
          "_load_effective_input_decision",
          "enforce_decision"
        ]
      },
      {
        "path": "app/ai/ai_decision_outcome_inspector.bak_20251219_210231.py",
        "size": 6263,
        "primary_phase": "P1",
        "score": 7,
        "all_phase_scores": {
          "P1": 7,
          "P8": 7,
          "P4": 6,
          "P2": 5
        },
        "reasons": {
          "P1": [
            "infra/exchange abstraction",
            "infra/logging/state roots"
          ],
          "P2": [
            "multi-account/capital topology"
          ],
          "P4": [
            "decision gate/enforcement"
          ],
          "P8": [
            "decision-outcome linking/learning signals"
          ]
        },
        "symbols_sample": [
          "_safe_int",
          "_safe_float",
          "_read_jsonl",
          "_tail_jsonl",
          "_extract_summary",
          "main"
        ]
      },
      {
        "path": "app/ai/ai_decision_outcome_inspector.py",
        "size": 7683,
        "primary_phase": "P1",
        "score": 7,
        "all_phase_scores": {
          "P1": 7,
          "P8": 7,
          "P4": 6,
          "P2": 5
        },
        "reasons": {
          "P1": [
            "infra/exchange abstraction",
            "infra/logging/state roots"
          ],
          "P2": [
            "multi-account/capital topology"
          ],
          "P4": [
            "decision gate/enforcement"
          ],
          "P8": [
            "decision-outcome linking/learning signals"
          ]
        },
        "symbols_sample": [
          "_configure_stdout_utf8",
          "_safe_print",
          "_safe_int",
          "_safe_float",
          "_read_jsonl",
          "_tail_jsonl",
          "_extract_summary",
          "main"
        ]
      },
      {
        "path": "app/ai/ai_events_spine.py",
        "size": 34722,
        "primary_phase": "P1",
        "score": 7,
        "all_phase_scores": {
          "P1": 7,
          "P8": 7,
          "P4": 6,
          "P5": 6,
          "P6": 6,
          "P2": 5
        },
        "reasons": {
          "P1": [
            "infra/exchange abstraction",
            "infra/logging/state roots"
          ],
          "P2": [
            "multi-account/capital topology"
          ],
          "P4": [
            "decision gate/enforcement"
          ],
          "P5": [
            "memory contract/journal"
          ],
          "P6": [
            "memory integrity/replay/analytics"
          ],
          "P8": [
            "decision-outcome linking/learning signals"
          ]
        },
        "symbols_sample": [
          "_now_ms",
          "_append_jsonl",
          "_atomic_write_text",
          "_normalize_timeframe",
          "_stable_json",
          "_filter_features_for_fingerprint",
          "_compute_setup_fingerprint",
          "_compute_memory_fingerprint",
          "_ensure_setup_fingerprint",
          "_safe_read_bytes",
          "_extract_yaml_version",
          "_compute_policy",
          "_get_policy_cached",
          "_stamp_policy",
          "_decisions_file_has_trade_id",
          "_write_fallback_decision",
          "_ensure_decision_for_setup",
          "_load_pending",
          "_prune_pending",
          "_save_pending",
          "_safe_str",
          "_extract_setup_alias_keys",
          "_find_pending_setup",
          "_remove_pending_setup",
          "_merge_setup_and_outcome",
          "_load_memory_snapshot",
          "_prune_memory_snapshot",
          "_save_memory_snapshot",
          "_compute_memory_id",
          "_upsert_memory_record",
          "_emit_memory_from_enriched",
          "publish_ai_event",
          "build_setup_context",
          "build_outcome_record",
          "main"
        ]
      },
      {
        "path": "app/ai/ai_executor_gate.py",
        "size": 11340,
        "primary_phase": "P1",
        "score": 7,
        "all_phase_scores": {
          "P1": 7,
          "P4": 6,
          "P2": 5
        },
        "reasons": {
          "P1": [
            "infra/exchange abstraction",
            "infra/logging/state roots"
          ],
          "P2": [
            "multi-account/capital topology"
          ],
          "P4": [
            "decision gate/enforcement"
          ]
        },
        "symbols_sample": [
          "load_setup_policy",
          "_resolve_policy_for_strategy",
          "_append_policy_log",
          "_normalize_mode",
          "_extract_min_scores",
          "ai_gate_decide",
          "should_allow_trade"
        ]
      },
      {
        "path": "app/ai/ai_journal_worker.py",
        "size": 7002,
        "primary_phase": "P1",
        "score": 7,
        "all_phase_scores": {
          "P1": 7,
          "P8": 7,
          "P5": 6,
          "P2": 5
        },
        "reasons": {
          "P1": [
            "infra/exchange abstraction",
            "infra/logging/state roots"
          ],
          "P2": [
            "multi-account/capital topology"
          ],
          "P5": [
            "memory contract/journal"
          ],
          "P8": [
            "decision-outcome linking/learning signals"
          ]
        },
        "symbols_sample": [
          "_write_jsonl",
          "_handle_setup_context",
          "_handle_outcome_record",
          "_write_heartbeat",
          "_drain_one_event",
          "_install_signal_handlers",
          "main_loop",
          "main"
        ]
      },
      {
        "path": "app/ai/ai_learning_builder.py",
        "size": 23023,
        "primary_phase": "P1",
        "score": 7,
        "all_phase_scores": {
          "P1": 7,
          "P8": 7,
          "P4": 6,
          "P5": 6,
          "P6": 6
        },
        "reasons": {
          "P1": [
            "infra/exchange abstraction",
            "infra/logging/state roots"
          ],
          "P4": [
            "decision gate/enforcement"
          ],
          "P5": [
            "memory contract/journal"
          ],
          "P6": [
            "memory integrity/replay/analytics"
          ],
          "P8": [
            "decision-outcome linking/learning signals"
          ]
        },
        "symbols_sample": [
          "_exists_nonempty",
          "_connect_ro",
          "_connect_rw",
          "_sha256_bytes",
          "_safe_float",
          "_safe_int",
          "_median",
          "_mad",
          "_trimmed",
          "_winsorized",
          "_confidence",
          "_bucket_id",
          "_fetch_memory_rows",
          "_group_key",
          "_deterministic_built_ts_ms",
          "build_learning_rows",
          "_init_learning_db",
          "write_learning_artifacts",
          "build_and_write"
        ]
      },
      {
        "path": "app/ai/ai_memory_sanity.py",
        "size": 6547,
        "primary_phase": "P1",
        "score": 7,
        "all_phase_scores": {
          "P1": 7,
          "P8": 7
        },
        "reasons": {
          "P1": [
            "infra/exchange abstraction",
            "infra/logging/state roots"
          ],
          "P8": [
            "decision-outcome linking/learning signals"
          ]
        },
        "symbols_sample": [
          "_load_jsonl",
          "_collect_by_trade_id",
          "_result_from_memory_row",
          "_bool_flag",
          "_analyze_memory_labels",
          "_print_duplicates",
          "run_sanity_check"
        ]
      },
      {
        "path": "app/ai/ai_memory_store.py",
        "size": 11345,
        "primary_phase": "P1",
        "score": 7,
        "all_phase_scores": {
          "P1": 7,
          "P8": 7,
          "P4": 6,
          "P5": 6,
          "P6": 6
        },
        "reasons": {
          "P1": [
            "infra/exchange abstraction",
            "infra/logging/state roots"
          ],
          "P4": [
            "decision gate/enforcement"
          ],
          "P5": [
            "memory contract/journal"
          ],
          "P6": [
            "memory integrity/replay/analytics"
          ],
          "P8": [
            "decision-outcome linking/learning signals"
          ]
        },
        "symbols_sample": [
          "_now_ms",
          "_normalize_timeframe",
          "_normalize_symbol",
          "_safe_str",
          "_safe_float",
          "_clamp",
          "_connect",
          "_looks_like_full_hash",
          "_looks_like_full_fp",
          "_effective_min_n",
          "_get_setup_fields",
          "_row_to_memory",
          "_query_rollups",
          "query_memories_tiered",
          "query_memories"
        ]
      },
      {
        "path": "app/ai/ai_policiy_stats.py",
        "size": 8055,
        "primary_phase": "P1",
        "score": 7,
        "all_phase_scores": {
          "P1": 7,
          "P4": 6,
          "P2": 5
        },
        "reasons": {
          "P1": [
            "infra/exchange abstraction",
            "infra/logging/state roots"
          ],
          "P2": [
            "multi-account/capital topology"
          ],
          "P4": [
            "decision gate/enforcement"
          ]
        },
        "symbols_sample": [
          "_load_jsonl",
          "_to_float",
          "build_stats",
          "main"
        ]
      },
      {
        "path": "app/ai/ai_policy_audit.py",
        "size": 3853,
        "primary_phase": "P1",
        "score": 7,
        "all_phase_scores": {
          "P1": 7,
          "P4": 6,
          "P2": 5
        },
        "reasons": {
          "P1": [
            "infra/exchange abstraction",
            "infra/logging/state roots"
          ],
          "P2": [
            "multi-account/capital topology"
          ],
          "P4": [
            "decision gate/enforcement"
          ]
        },
        "symbols_sample": [
          "_now_ms",
          "log_policy_decision"
        ]
      }
    ],
    "P2": [
      {
        "path": "app/run_ws_flashback01.py",
        "size": 323,
        "primary_phase": "P2",
        "score": 5,
        "all_phase_scores": {
          "P2": 5,
          "P3": 5,
          "P1": 4
        },
        "reasons": {
          "P1": [
            "infra/exchange abstraction"
          ],
          "P2": [
            "multi-account/capital topology"
          ],
          "P3": [
            "market data + execution plumbing"
          ]
        },
        "symbols_sample": [
          "main"
        ]
      },
      {
        "path": "app/run_ws_flashback02.py",
        "size": 323,
        "primary_phase": "P2",
        "score": 5,
        "all_phase_scores": {
          "P2": 5,
          "P3": 5,
          "P1": 4
        },
        "reasons": {
          "P1": [
            "infra/exchange abstraction"
          ],
          "P2": [
            "multi-account/capital topology"
          ],
          "P3": [
            "market data + execution plumbing"
          ]
        },
        "symbols_sample": [
          "main"
        ]
      },
      {
        "path": "app/run_ws_flashback03.py",
        "size": 323,
        "primary_phase": "P2",
        "score": 5,
        "all_phase_scores": {
          "P2": 5,
          "P3": 5,
          "P1": 4
        },
        "reasons": {
          "P1": [
            "infra/exchange abstraction"
          ],
          "P2": [
            "multi-account/capital topology"
          ],
          "P3": [
            "market data + execution plumbing"
          ]
        },
        "symbols_sample": [
          "main"
        ]
      },
      {
        "path": "app/run_ws_flashback04.py",
        "size": 323,
        "primary_phase": "P2",
        "score": 5,
        "all_phase_scores": {
          "P2": 5,
          "P3": 5,
          "P1": 4
        },
        "reasons": {
          "P1": [
            "infra/exchange abstraction"
          ],
          "P2": [
            "multi-account/capital topology"
          ],
          "P3": [
            "market data + execution plumbing"
          ]
        },
        "symbols_sample": [
          "main"
        ]
      },
      {
        "path": "app/run_ws_flashback05.py",
        "size": 323,
        "primary_phase": "P2",
        "score": 5,
        "all_phase_scores": {
          "P2": 5,
          "P3": 5,
          "P1": 4
        },
        "reasons": {
          "P1": [
            "infra/exchange abstraction"
          ],
          "P2": [
            "multi-account/capital topology"
          ],
          "P3": [
            "market data + execution plumbing"
          ]
        },
        "symbols_sample": [
          "main"
        ]
      },
      {
        "path": "app/run_ws_flashback06.py",
        "size": 323,
        "primary_phase": "P2",
        "score": 5,
        "all_phase_scores": {
          "P2": 5,
          "P3": 5,
          "P1": 4
        },
        "reasons": {
          "P1": [
            "infra/exchange abstraction"
          ],
          "P2": [
            "multi-account/capital topology"
          ],
          "P3": [
            "market data + execution plumbing"
          ]
        },
        "symbols_sample": [
          "main"
        ]
      },
      {
        "path": "app/run_ws_flashback07.py",
        "size": 323,
        "primary_phase": "P2",
        "score": 5,
        "all_phase_scores": {
          "P2": 5,
          "P3": 5,
          "P1": 4
        },
        "reasons": {
          "P1": [
            "infra/exchange abstraction"
          ],
          "P2": [
            "multi-account/capital topology"
          ],
          "P3": [
            "market data + execution plumbing"
          ]
        },
        "symbols_sample": [
          "main"
        ]
      },
      {
        "path": "app/run_ws_flashback08.py",
        "size": 323,
        "primary_phase": "P2",
        "score": 5,
        "all_phase_scores": {
          "P2": 5,
          "P3": 5,
          "P1": 4
        },
        "reasons": {
          "P1": [
            "infra/exchange abstraction"
          ],
          "P2": [
            "multi-account/capital topology"
          ],
          "P3": [
            "market data + execution plumbing"
          ]
        },
        "symbols_sample": [
          "main"
        ]
      },
      {
        "path": "app/run_ws_flashback09.py",
        "size": 323,
        "primary_phase": "P2",
        "score": 5,
        "all_phase_scores": {
          "P2": 5,
          "P3": 5,
          "P1": 4
        },
        "reasons": {
          "P1": [
            "infra/exchange abstraction"
          ],
          "P2": [
            "multi-account/capital topology"
          ],
          "P3": [
            "market data + execution plumbing"
          ]
        },
        "symbols_sample": [
          "main"
        ]
      },
      {
        "path": "app/run_ws_flashback10.py",
        "size": 323,
        "primary_phase": "P2",
        "score": 5,
        "all_phase_scores": {
          "P2": 5,
          "P3": 5,
          "P1": 4
        },
        "reasons": {
          "P1": [
            "infra/exchange abstraction"
          ],
          "P2": [
            "multi-account/capital topology"
          ],
          "P3": [
            "market data + execution plumbing"
          ]
        },
        "symbols_sample": [
          "main"
        ]
      },
      {
        "path": "app/run_ws_main.py",
        "size": 480,
        "primary_phase": "P2",
        "score": 5,
        "all_phase_scores": {
          "P2": 5,
          "P3": 5,
          "P1": 4
        },
        "reasons": {
          "P1": [
            "infra/exchange abstraction"
          ],
          "P2": [
            "multi-account/capital topology"
          ],
          "P3": [
            "market data + execution plumbing"
          ]
        },
        "symbols_sample": [
          "main"
        ]
      },
      {
        "path": "app/core/ai_action_builder.py",
        "size": 3404,
        "primary_phase": "P2",
        "score": 5,
        "all_phase_scores": {
          "P2": 5,
          "P1": 4
        },
        "reasons": {
          "P1": [
            "infra/exchange abstraction"
          ],
          "P2": [
            "multi-account/capital topology"
          ]
        },
        "symbols_sample": [
          "_now_ms",
          "normalize_side",
          "build_trade_action_from_sample"
        ]
      }
    ],
    "P3": [
      {
        "path": "app/bots/market_bus.py",
        "size": 9084,
        "primary_phase": "P3",
        "score": 5,
        "all_phase_scores": {
          "P3": 5,
          "P1": 3
        },
        "reasons": {
          "P1": [
            "infra/logging/state roots"
          ],
          "P3": [
            "market data + execution plumbing"
          ]
        },
        "symbols_sample": [
          "_load_json",
          "_normalize_symbol",
          "_empty_orderbook_snapshot",
          "load_orderbook_bus",
          "orderbook_bus_updated_ms",
          "get_orderbook_snapshot",
          "_best_from_side",
          "best_bid_ask",
          "mid_price",
          "spread",
          "spread_bps",
          "_empty_trades_snapshot",
          "load_trades_bus",
          "trades_bus_updated_ms",
          "get_recent_trades",
          "last_trade"
        ]
      },
      {
        "path": "app/ws/ws_switchboard.py",
        "size": 460,
        "primary_phase": "P3",
        "score": 5,
        "all_phase_scores": {
          "P3": 5,
          "P1": 4
        },
        "reasons": {
          "P1": [
            "infra/exchange abstraction"
          ],
          "P3": [
            "market data + execution plumbing"
          ]
        },
        "symbols_sample": []
      }
    ],
    "P4": [
      {
        "path": "app/ai/ai_policy_sample.py",
        "size": 3544,
        "primary_phase": "P4",
        "score": 6,
        "all_phase_scores": {
          "P4": 6,
          "P1": 4
        },
        "reasons": {
          "P1": [
            "infra/exchange abstraction"
          ],
          "P4": [
            "decision gate/enforcement"
          ]
        },
        "symbols_sample": [
          "_env_bool",
          "_normalize_side",
          "evaluate_state"
        ]
      },
      {
        "path": "app/ai/setup_memory_policy.py",
        "size": 8873,
        "primary_phase": "P4",
        "score": 6,
        "all_phase_scores": {
          "P4": 6,
          "P9": 6,
          "P1": 3
        },
        "reasons": {
          "P1": [
            "infra/logging/state roots"
          ],
          "P4": [
            "decision gate/enforcement"
          ],
          "P9": [
            "adaptive strategy/auto-execution"
          ]
        },
        "symbols_sample": [
          "_default_policy",
          "_load_policy",
          "_save_policy",
          "_get_strategy_block",
          "get_risk_multiplier",
          "get_min_ai_score",
          "set_risk_multiplier",
          "set_min_ai_score",
          "set_default_risk_multiplier",
          "set_default_min_ai_score"
        ]
      },
      {
        "path": "app/bots/breaker_watch.py",
        "size": 774,
        "primary_phase": "P4",
        "score": 6,
        "all_phase_scores": {
          "P4": 6,
          "P1": 3
        },
        "reasons": {
          "P1": [
            "infra/logging/state roots"
          ],
          "P4": [
            "decision gate/enforcement"
          ]
        },
        "symbols_sample": [
          "loop"
        ]
      },
      {
        "path": "app/bots/risk_guardian.py",
        "size": 7416,
        "primary_phase": "P4",
        "score": 6,
        "all_phase_scores": {
          "P4": 6,
          "P10": 6,
          "P1": 4
        },
        "reasons": {
          "P1": [
            "infra/exchange abstraction"
          ],
          "P4": [
            "decision gate/enforcement"
          ],
          "P10": [
            "portfolio intelligence/coordination"
          ]
        },
        "symbols_sample": [
          "_pos_key",
          "_notional",
          "_newest_position",
          "_trim_one_third",
          "_close_position",
          "_positions_by_symbol",
          "_enforce_tier_rules",
          "_mmr_guard",
          "loop"
        ]
      },
      {
        "path": "app/bots/signal_engine.py",
        "size": 30556,
        "primary_phase": "P4",
        "score": 6,
        "all_phase_scores": {
          "P4": 6,
          "P9": 6,
          "P2": 5,
          "P1": 4
        },
        "reasons": {
          "P1": [
            "infra/exchange abstraction"
          ],
          "P2": [
            "multi-account/capital topology"
          ],
          "P4": [
            "decision gate/enforcement"
          ],
          "P9": [
            "adaptive strategy/auto-execution"
          ]
        },
        "symbols_sample": [
          "compute_regime_indicators",
          "passes_regime_filters",
          "signal_ma_trend",
          "signal_breakout",
          "_parse_bool",
          "tg_info",
          "tg_error",
          "fetch_recent_klines",
          "compute_simple_signal",
          "tf_display",
          "_slug_from_reason",
          "append_signal_jsonl",
          "_get_strat_attr",
          "build_universe",
          "main"
        ]
      },
      {
        "path": "app/core/ai_action_guard.py",
        "size": 6038,
        "primary_phase": "P4",
        "score": 6,
        "all_phase_scores": {
          "P4": 6,
          "P2": 5,
          "P1": 4
        },
        "reasons": {
          "P1": [
            "infra/exchange abstraction"
          ],
          "P2": [
            "multi-account/capital topology"
          ],
          "P4": [
            "decision gate/enforcement"
          ]
        },
        "symbols_sample": [
          "load_guard_config",
          "guard_action"
        ]
      },
      {
        "path": "app/core/ai_action_proposer.py",
        "size": 3503,
        "primary_phase": "P4",
        "score": 6,
        "all_phase_scores": {
          "P4": 6,
          "P1": 4
        },
        "reasons": {
          "P1": [
            "infra/exchange abstraction"
          ],
          "P4": [
            "decision gate/enforcement"
          ]
        },
        "symbols_sample": [
          "_safe_float",
          "propose_from_decision"
        ]
      },
      {
        "path": "app/core/ai_action_router.py",
        "size": 10019,
        "primary_phase": "P4",
        "score": 6,
        "all_phase_scores": {
          "P4": 6,
          "P2": 5,
          "P1": 4
        },
        "reasons": {
          "P1": [
            "infra/exchange abstraction"
          ],
          "P2": [
            "multi-account/capital topology"
          ],
          "P4": [
            "decision gate/enforcement"
          ]
        },
        "symbols_sample": [
          "_to_decimal",
          "_normalize_symbol",
          "_normalize_side",
          "_validate_symbol_whitelist",
          "_validate_notional_pct",
          "_normalize_open_action",
          "_normalize_flatten_action",
          "_normalize_flatten_all",
          "_normalize_nop",
          "normalize_ai_action",
          "apply_ai_action",
          "apply_ai_actions"
        ]
      },
      {
        "path": "app/core/ai_decision_types.py",
        "size": 1310,
        "primary_phase": "P4",
        "score": 6,
        "all_phase_scores": {
          "P4": 6,
          "P1": 4
        },
        "reasons": {
          "P1": [
            "infra/exchange abstraction"
          ],
          "P4": [
            "decision gate/enforcement"
          ]
        },
        "symbols_sample": [
          "ProposedAction",
          "PilotDecision"
        ]
      },
      {
        "path": "app/core/ai_profile.py",
        "size": 4101,
        "primary_phase": "P4",
        "score": 6,
        "all_phase_scores": {
          "P4": 6,
          "P2": 5,
          "P1": 4
        },
        "reasons": {
          "P1": [
            "infra/exchange abstraction"
          ],
          "P2": [
            "multi-account/capital topology"
          ],
          "P4": [
            "decision gate/enforcement"
          ]
        },
        "symbols_sample": [
          "_account_label",
          "_env_with_label",
          "_env_bool",
          "_env_int",
          "_env_decimal",
          "_env_symbols_list",
          "get_ai_profile",
          "get_current_ai_profile"
        ]
      },
      {
        "path": "app/core/corr_gate.py",
        "size": 1603,
        "primary_phase": "P4",
        "score": 6,
        "all_phase_scores": {
          "P4": 6,
          "P1": 4
        },
        "reasons": {
          "P1": [
            "infra/exchange abstraction"
          ],
          "P4": [
            "decision gate/enforcement"
          ]
        },
        "symbols_sample": [
          "allow"
        ]
      },
      {
        "path": "app/core/corr_gate_v2.py",
        "size": 2929,
        "primary_phase": "P4",
        "score": 6,
        "all_phase_scores": {
          "P4": 6,
          "P1": 4
        },
        "reasons": {
          "P1": [
            "infra/exchange abstraction"
          ],
          "P4": [
            "decision gate/enforcement"
          ]
        },
        "symbols_sample": [
          "_norm",
          "set_corr",
          "get_corr",
          "correlated_exposure_too_high",
          "allow"
        ]
      }
    ],
    "P5": [
      {
        "path": "app/ai/ai_learning_advisor.py",
        "size": 4211,
        "primary_phase": "P5",
        "score": 6,
        "all_phase_scores": {
          "P5": 6,
          "P6": 6,
          "P1": 4
        },
        "reasons": {
          "P1": [
            "infra/exchange abstraction"
          ],
          "P5": [
            "memory contract/journal"
          ],
          "P6": [
            "memory integrity/replay/analytics"
          ]
        },
        "symbols_sample": [
          "_fmt",
          "recommend",
          "row_to_dict"
        ]
      },
      {
        "path": "app/ai/ai_learning_advsior.py",
        "size": 4354,
        "primary_phase": "P5",
        "score": 6,
        "all_phase_scores": {
          "P5": 6,
          "P6": 6,
          "P1": 4
        },
        "reasons": {
          "P1": [
            "infra/exchange abstraction"
          ],
          "P5": [
            "memory contract/journal"
          ],
          "P6": [
            "memory integrity/replay/analytics"
          ]
        },
        "symbols_sample": [
          "_fmt",
          "recommend",
          "row_to_dict"
        ]
      },
      {
        "path": "app/ai/drift_watch.py",
        "size": 1674,
        "primary_phase": "P5",
        "score": 6,
        "all_phase_scores": {
          "P5": 6,
          "P1": 4
        },
        "reasons": {
          "P1": [
            "infra/exchange abstraction"
          ],
          "P5": [
            "memory contract/journal"
          ]
        },
        "symbols_sample": [
          "compute_live_stats",
          "drift_detected"
        ]
      },
      {
        "path": "app/bots/supervisor.py",
        "size": 15645,
        "primary_phase": "P5",
        "score": 6,
        "all_phase_scores": {
          "P5": 6,
          "P10": 6,
          "P2": 5,
          "P3": 5,
          "P1": 4
        },
        "reasons": {
          "P1": [
            "infra/exchange abstraction"
          ],
          "P2": [
            "multi-account/capital topology"
          ],
          "P3": [
            "market data + execution plumbing"
          ],
          "P5": [
            "memory contract/journal"
          ],
          "P10": [
            "portfolio intelligence/coordination"
          ]
        },
        "symbols_sample": [
          "_tg_configured",
          "send_tg",
          "_load_subaccount_creds",
          "check_subaccount",
          "check_all_subaccounts",
          "format_boot_report",
          "notify_subaccounts_online_central",
          "notify_sub_bots_online",
          "start",
          "stop_all",
          "main"
        ]
      },
      {
        "path": "app/core/ai_setup_context_requirements.py",
        "size": 434,
        "primary_phase": "P5",
        "score": 6,
        "all_phase_scores": {
          "P5": 6,
          "P2": 5
        },
        "reasons": {
          "P2": [
            "multi-account/capital topology"
          ],
          "P5": [
            "memory contract/journal"
          ]
        },
        "symbols_sample": [
          "has_valid_setup_context"
        ]
      },
      {
        "path": "app/core/execution_ws.py",
        "size": 11948,
        "primary_phase": "P5",
        "score": 6,
        "all_phase_scores": {
          "P5": 6,
          "P1": 4
        },
        "reasons": {
          "P1": [
            "infra/exchange abstraction"
          ],
          "P5": [
            "memory contract/journal"
          ]
        },
        "symbols_sample": [
          "_normalize_symbol",
          "_log",
          "list_open_symbols",
          "open_position_ws_first",
          "flatten_symbol_ws_first",
          "flatten_all_ws_first"
        ]
      },
      {
        "path": "app/core/heartbeat_watcher.py",
        "size": 2385,
        "primary_phase": "P5",
        "score": 6,
        "all_phase_scores": {
          "P5": 6,
          "P10": 6,
          "P1": 4
        },
        "reasons": {
          "P1": [
            "infra/exchange abstraction"
          ],
          "P5": [
            "memory contract/journal"
          ],
          "P10": [
            "portfolio intelligence/coordination"
          ]
        },
        "symbols_sample": [
          "_load_hb",
          "_save_hb",
          "loop"
        ]
      },
      {
        "path": "app/tools/ai_learning_query.py",
        "size": 6992,
        "primary_phase": "P5",
        "score": 6,
        "all_phase_scores": {
          "P5": 6,
          "P6": 6,
          "P1": 4
        },
        "reasons": {
          "P1": [
            "infra/exchange abstraction"
          ],
          "P5": [
            "memory contract/journal"
          ],
          "P6": [
            "memory integrity/replay/analytics"
          ]
        },
        "symbols_sample": [
          "_exists_nonempty",
          "_connect",
          "_build_where",
          "_pct",
          "_fmt",
          "main"
        ]
      }
    ],
    "P6": [
      {
        "path": "app/ai/ai_learning_contract.py",
        "size": 1479,
        "primary_phase": "P6",
        "score": 6,
        "all_phase_scores": {
          "P6": 6,
          "P1": 4
        },
        "reasons": {
          "P1": [
            "infra/exchange abstraction"
          ],
          "P6": [
            "memory integrity/replay/analytics"
          ]
        },
        "symbols_sample": []
      },
      {
        "path": "app/ai/replay_buffer.py",
        "size": 0,
        "primary_phase": "P6",
        "score": 6,
        "all_phase_scores": {
          "P6": 6
        },
        "reasons": {
          "P6": [
            "memory integrity/replay/analytics"
          ]
        },
        "symbols_sample": []
      },
      {
        "path": "app/tools/ai_learning_advisory_determinism_test.py",
        "size": 1506,
        "primary_phase": "P6",
        "score": 6,
        "all_phase_scores": {
          "P6": 6,
          "P1": 4
        },
        "reasons": {
          "P1": [
            "infra/exchange abstraction"
          ],
          "P6": [
            "memory integrity/replay/analytics"
          ]
        },
        "symbols_sample": [
          "sha256_bytes",
          "run_build",
          "main"
        ]
      },
      {
        "path": "app/tools/ai_learning_determinism_test.py",
        "size": 1722,
        "primary_phase": "P6",
        "score": 6,
        "all_phase_scores": {
          "P6": 6,
          "P1": 4
        },
        "reasons": {
          "P1": [
            "infra/exchange abstraction"
          ],
          "P6": [
            "memory integrity/replay/analytics"
          ]
        },
        "symbols_sample": [
          "_sha",
          "main"
        ]
      },
      {
        "path": "app/tools/multi_account_smoke.py",
        "size": 3751,
        "primary_phase": "P6",
        "score": 6,
        "all_phase_scores": {
          "P6": 6,
          "P2": 5,
          "P1": 4
        },
        "reasons": {
          "P1": [
            "infra/exchange abstraction"
          ],
          "P2": [
            "multi-account/capital topology"
          ],
          "P6": [
            "memory integrity/replay/analytics"
          ]
        },
        "symbols_sample": [
          "_load_yaml",
          "_extract_strategies",
          "_build_fake_signal",
          "build_smoke_signals",
          "main"
        ]
      },
      {
        "path": "app/tools/signal_replay.py",
        "size": 1843,
        "primary_phase": "P6",
        "score": 6,
        "all_phase_scores": {
          "P6": 6,
          "P1": 4
        },
        "reasons": {
          "P1": [
            "infra/exchange abstraction"
          ],
          "P6": [
            "memory integrity/replay/analytics"
          ]
        },
        "symbols_sample": [
          "iter_jsonl",
          "main"
        ]
      }
    ],
    "P7": [
      {
        "path": "app/ai/ai_policy_core.py",
        "size": 2521,
        "primary_phase": "P7",
        "score": 7,
        "all_phase_scores": {
          "P7": 7,
          "P1": 4
        },
        "reasons": {
          "P1": [
            "infra/exchange abstraction"
          ],
          "P7": [
            "state bus + safety snapshot"
          ]
        },
        "symbols_sample": [
          "_to_float",
          "evaluate_state"
        ]
      },
      {
        "path": "app/bots/trade_capture_daemon.py",
        "size": 10669,
        "primary_phase": "P7",
        "score": 7,
        "all_phase_scores": {
          "P7": 7,
          "P4": 6,
          "P2": 5,
          "P1": 3
        },
        "reasons": {
          "P1": [
            "infra/logging/state roots"
          ],
          "P2": [
            "multi-account/capital topology"
          ],
          "P4": [
            "decision gate/enforcement"
          ],
          "P7": [
            "state bus + safety snapshot"
          ]
        },
        "symbols_sample": [
          "_now_ms",
          "_load_positions_bus",
          "_load_open_trades_state",
          "_save_open_trades_state",
          "_append_closed_trade",
          "_parse_side_and_size",
          "run_loop",
          "_handle_close"
        ]
      },
      {
        "path": "app/core/ai_state_bus.py",
        "size": 15434,
        "primary_phase": "P7",
        "score": 7,
        "all_phase_scores": {
          "P7": 7,
          "P4": 6,
          "P2": 5,
          "P3": 5,
          "P1": 4
        },
        "reasons": {
          "P1": [
            "infra/exchange abstraction"
          ],
          "P2": [
            "multi-account/capital topology"
          ],
          "P3": [
            "market data + execution plumbing"
          ],
          "P4": [
            "decision gate/enforcement"
          ],
          "P7": [
            "state bus + safety snapshot"
          ]
        },
        "symbols_sample": [
          "_now_ms",
          "_decimal_to_str",
          "_safe_str",
          "_to_float",
          "_account_state",
          "_positions_state",
          "_market_bus_ages",
          "_symbol_market_block",
          "_evaluate_snapshot_safety",
          "validate_snapshot_v2",
          "build_symbol_state",
          "build_ai_snapshot"
        ]
      },
      {
        "path": "app/core/state_hub.py",
        "size": 10891,
        "primary_phase": "P7",
        "score": 7,
        "all_phase_scores": {
          "P7": 7,
          "P8": 7,
          "P4": 6,
          "P10": 6,
          "P2": 5,
          "P3": 5,
          "P1": 4
        },
        "reasons": {
          "P1": [
            "infra/exchange abstraction"
          ],
          "P2": [
            "multi-account/capital topology"
          ],
          "P3": [
            "market data + execution plumbing"
          ],
          "P4": [
            "decision gate/enforcement"
          ],
          "P7": [
            "state bus + safety snapshot"
          ],
          "P8": [
            "decision-outcome linking/learning signals"
          ],
          "P10": [
            "portfolio intelligence/coordination"
          ]
        },
        "symbols_sample": [
          "_dec_or_none",
          "_safe_int",
          "_account_tier_snapshot",
          "_positions_snapshot_map",
          "_open_positions_list",
          "_ws_bus_meta",
          "get_symbol_state",
          "get_portfolio_state"
        ]
      },
      {
        "path": "app/tools/patch_ai_state_bus_positions_optional_dryrun.py",
        "size": 972,
        "primary_phase": "P7",
        "score": 7,
        "all_phase_scores": {
          "P7": 7,
          "P4": 6
        },
        "reasons": {
          "P4": [
            "decision gate/enforcement"
          ],
          "P7": [
            "state bus + safety snapshot"
          ]
        },
        "symbols_sample": []
      },
      {
        "path": "app/tools/patch_ai_state_bus_step10_orderbook_optional.py",
        "size": 830,
        "primary_phase": "P7",
        "score": 7,
        "all_phase_scores": {
          "P7": 7,
          "P4": 6
        },
        "reasons": {
          "P4": [
            "decision gate/enforcement"
          ],
          "P7": [
            "state bus + safety snapshot"
          ]
        },
        "symbols_sample": []
      },
      {
        "path": "app/tools/patch_phase7_positions_dryrun.py",
        "size": 1944,
        "primary_phase": "P7",
        "score": 7,
        "all_phase_scores": {
          "P7": 7,
          "P4": 6,
          "P1": 4
        },
        "reasons": {
          "P1": [
            "infra/exchange abstraction"
          ],
          "P4": [
            "decision gate/enforcement"
          ],
          "P7": [
            "state bus + safety snapshot"
          ]
        },
        "symbols_sample": []
      }
    ],
    "P8": [
      {
        "path": "app/ai/ai_decision_outcome_linker.bak_20251219_210705.py",
        "size": 17941,
        "primary_phase": "P8",
        "score": 7,
        "all_phase_scores": {
          "P8": 7,
          "P4": 6,
          "P6": 6,
          "P2": 5,
          "P1": 4
        },
        "reasons": {
          "P1": [
            "infra/exchange abstraction"
          ],
          "P2": [
            "multi-account/capital topology"
          ],
          "P4": [
            "decision gate/enforcement"
          ],
          "P6": [
            "memory integrity/replay/analytics"
          ],
          "P8": [
            "decision-outcome linking/learning signals"
          ]
        },
        "symbols_sample": [
          "_now_ms",
          "_read_json",
          "_write_json",
          "_append_jsonl",
          "_safe_int",
          "_safe_float",
          "_safe_str",
          "_decision_all_trade_ids",
          "_extract_trade_id",
          "_extract_symbol",
          "_extract_account_label",
          "_extract_outcome_policy_hash",
          "_decision_symbol",
          "_decision_account_label",
          "_decision_ts_ms",
          "_load_cursor",
          "_save_cursor",
          "_read_new_jsonl",
          "_summarize_decision",
          "_summarize_outcome",
          "_inherit_decision_fields_from_outcome",
          "_join",
          "process_once",
          "loop",
          "main"
        ]
      },
      {
        "path": "app/ai/ai_decision_outcome_linker.py",
        "size": 18439,
        "primary_phase": "P8",
        "score": 7,
        "all_phase_scores": {
          "P8": 7,
          "P4": 6,
          "P6": 6,
          "P2": 5,
          "P1": 4
        },
        "reasons": {
          "P1": [
            "infra/exchange abstraction"
          ],
          "P2": [
            "multi-account/capital topology"
          ],
          "P4": [
            "decision gate/enforcement"
          ],
          "P6": [
            "memory integrity/replay/analytics"
          ],
          "P8": [
            "decision-outcome linking/learning signals"
          ]
        },
        "symbols_sample": [
          "_now_ms",
          "_read_json",
          "_write_json",
          "_append_jsonl",
          "_safe_int",
          "_safe_float",
          "_safe_str",
          "_decision_all_trade_ids",
          "_extract_trade_id",
          "_extract_symbol",
          "_extract_account_label",
          "_extract_outcome_policy_hash",
          "_decision_symbol",
          "_decision_account_label",
          "_decision_ts_ms",
          "_looks_like_decision_row",
          "_load_cursor",
          "_save_cursor",
          "_read_new_jsonl",
          "_summarize_decision",
          "_summarize_outcome",
          "_inherit_decision_fields_from_outcome",
          "_join",
          "process_once",
          "loop",
          "main"
        ]
      },
      {
        "path": "app/ai/ai_gatekeeper.py",
        "size": 1650,
        "primary_phase": "P8",
        "score": 7,
        "all_phase_scores": {
          "P8": 7,
          "P1": 4
        },
        "reasons": {
          "P1": [
            "infra/exchange abstraction"
          ],
          "P8": [
            "decision-outcome linking/learning signals"
          ]
        },
        "symbols_sample": [
          "evaluate_memory_gates"
        ]
      },
      {
        "path": "app/ai/ai_memory_contract.py",
        "size": 19629,
        "primary_phase": "P8",
        "score": 7,
        "all_phase_scores": {
          "P8": 7,
          "P4": 6,
          "P5": 6,
          "P2": 5,
          "P1": 4
        },
        "reasons": {
          "P1": [
            "infra/exchange abstraction"
          ],
          "P2": [
            "multi-account/capital topology"
          ],
          "P4": [
            "decision gate/enforcement"
          ],
          "P5": [
            "memory contract/journal"
          ],
          "P8": [
            "decision-outcome linking/learning signals"
          ]
        },
        "symbols_sample": [
          "now_ms",
          "get_ts_ms",
          "normalize_symbol",
          "normalize_timeframe",
          "_as_dict",
          "_get_setup_like",
          "_get_payload_dict",
          "_get_features_dict",
          "_get_extra_dict",
          "_infer_account_label",
          "_infer_strategy",
          "_infer_timeframe",
          "_trim_json_bytes",
          "iter_jsonl",
          "append_jsonl",
          "validate_setup_record",
          "validate_outcome_enriched",
          "validate_decision_record",
          "validate_memory_entry",
          "_stable_json",
          "_filter_features_for_fingerprint",
          "_compute_memory_fingerprint_from_setup",
          "extract_fingerprints_from_setup",
          "_env_bool",
          "canary_enabled",
          "canary_accounts",
          "is_canary_account",
          "_connect_readonly_sqlite",
          "sqlite_query_one",
          "sqlite_query_many",
          "read_memory_rows_by_memory_id",
          "read_memory_rows_by_symbol_tf"
        ]
      },
      {
        "path": "app/ai/ai_memory_entry_builder.py",
        "size": 19760,
        "primary_phase": "P8",
        "score": 7,
        "all_phase_scores": {
          "P8": 7,
          "P4": 6,
          "P5": 6,
          "P6": 6,
          "P2": 5,
          "P1": 4
        },
        "reasons": {
          "P1": [
            "infra/exchange abstraction"
          ],
          "P2": [
            "multi-account/capital topology"
          ],
          "P4": [
            "decision gate/enforcement"
          ],
          "P5": [
            "memory contract/journal"
          ],
          "P6": [
            "memory integrity/replay/analytics"
          ],
          "P8": [
            "decision-outcome linking/learning signals"
          ]
        },
        "symbols_sample": [
          "_connect",
          "_init_db",
          "_get_latest_ts_ms",
          "_sha256_hex",
          "_entry_id",
          "_policy_hash_from",
          "_decision_allow",
          "_gates_reason",
          "_memory_id_from",
          "_load_setups_index",
          "_load_decisions_map",
          "_try_enrich_outcome_record",
          "_extract_exit_reason",
          "_extract_pnl_kind",
          "_build_memory_entry",
          "_insert_entry",
          "build_memory_entries",
          "main"
        ]
      },
      {
        "path": "app/ai/train_models.py",
        "size": 8528,
        "primary_phase": "P8",
        "score": 7,
        "all_phase_scores": {
          "P8": 7,
          "P1": 3
        },
        "reasons": {
          "P1": [
            "infra/logging/state roots"
          ],
          "P8": [
            "decision-outcome linking/learning signals"
          ]
        },
        "symbols_sample": [
          "_load_feature_rows",
          "_session_to_int",
          "build_dataset",
          "train_model",
          "save_model_artifacts",
          "main"
        ]
      },
      {
        "path": "app/ai_training/features.py",
        "size": 1280,
        "primary_phase": "P8",
        "score": 7,
        "all_phase_scores": {
          "P8": 7,
          "P9": 6
        },
        "reasons": {
          "P8": [
            "decision-outcome linking/learning signals"
          ],
          "P9": [
            "adaptive strategy/auto-execution"
          ]
        },
        "symbols_sample": [
          "build_features"
        ]
      },
      {
        "path": "app/core/ai_schema.py",
        "size": 7549,
        "primary_phase": "P8",
        "score": 7,
        "all_phase_scores": {
          "P8": 7,
          "P6": 6,
          "P9": 6,
          "P2": 5,
          "P3": 5,
          "P1": 4
        },
        "reasons": {
          "P1": [
            "infra/exchange abstraction"
          ],
          "P2": [
            "multi-account/capital topology"
          ],
          "P3": [
            "market data + execution plumbing"
          ],
          "P6": [
            "memory integrity/replay/analytics"
          ],
          "P8": [
            "decision-outcome linking/learning signals"
          ],
          "P9": [
            "adaptive strategy/auto-execution"
          ]
        },
        "symbols_sample": [
          "OwnerType",
          "TradeOutcome",
          "SignalLog",
          "OrderLog",
          "ExecutionLog",
          "PositionSnapshot",
          "TradeSummaryLog",
          "RegimeSnapshotLog"
        ]
      },
      {
        "path": "app/core/bus_types.py",
        "size": 3451,
        "primary_phase": "P8",
        "score": 7,
        "all_phase_scores": {
          "P8": 7,
          "P5": 6,
          "P2": 5,
          "P1": 4
        },
        "reasons": {
          "P1": [
            "infra/exchange abstraction"
          ],
          "P2": [
            "multi-account/capital topology"
          ],
          "P5": [
            "memory contract/journal"
          ],
          "P8": [
            "decision-outcome linking/learning signals"
          ]
        },
        "symbols_sample": [
          "SetupRecord",
          "OutcomeRecord",
          "MemoryRecord"
        ]
      },
      {
        "path": "app/core/main_mover_breakout_bot.py",
        "size": 22735,
        "primary_phase": "P8",
        "score": 7,
        "all_phase_scores": {
          "P8": 7,
          "P4": 6,
          "P9": 6,
          "P2": 5,
          "P3": 5,
          "P1": 4
        },
        "reasons": {
          "P1": [
            "infra/exchange abstraction"
          ],
          "P2": [
            "multi-account/capital topology"
          ],
          "P3": [
            "market data + execution plumbing"
          ],
          "P4": [
            "decision gate/enforcement"
          ],
          "P8": [
            "decision-outcome linking/learning signals"
          ],
          "P9": [
            "adaptive strategy/auto-execution"
          ]
        },
        "symbols_sample": [
          "_safe_float",
          "ema",
          "atr",
          "donchian",
          "zscore",
          "adx",
          "log_event",
          "bybit_ok",
          "get_instruments",
          "get_tickers",
          "get_kline",
          "get_positions",
          "get_wallet_balance",
          "set_cross_margin",
          "set_leverage_max",
          "compute_spread_pct",
          "build_universe",
          "rank_candidates",
          "compute_signal",
          "has_open_position",
          "position_for_symbol",
          "compute_qty_from_risk",
          "place_entry_and_exits",
          "main"
        ]
      },
      {
        "path": "app/core/strategy_registry.py",
        "size": 5512,
        "primary_phase": "P8",
        "score": 7,
        "all_phase_scores": {
          "P8": 7,
          "P5": 6,
          "P2": 5,
          "P1": 3
        },
        "reasons": {
          "P1": [
            "infra/logging/state roots"
          ],
          "P2": [
            "multi-account/capital topology"
          ],
          "P5": [
            "memory contract/journal"
          ],
          "P8": [
            "decision-outcome linking/learning signals"
          ]
        },
        "symbols_sample": [
          "get_strategy",
          "list_strategies"
        ]
      },
      {
        "path": "app/tools/ai_integrity_check.py",
        "size": 13358,
        "primary_phase": "P8",
        "score": 7,
        "all_phase_scores": {
          "P8": 7,
          "P5": 6,
          "P6": 6,
          "P2": 5,
          "P1": 3
        },
        "reasons": {
          "P1": [
            "infra/logging/state roots"
          ],
          "P2": [
            "multi-account/capital topology"
          ],
          "P5": [
            "memory contract/journal"
          ],
          "P6": [
            "memory integrity/replay/analytics"
          ],
          "P8": [
            "decision-outcome linking/learning signals"
          ]
        },
        "symbols_sample": [
          "_now_ms",
          "_read_jsonl_counts",
          "_load_pending",
          "_safe_get",
          "_extract_fp_from_setup_event",
          "_extract_fp_from_outcome_evt",
          "_extract_r",
          "_extract_trade_id",
          "_extract_identity",
          "run_check",
          "main"
        ]
      }
    ],
    "P9": [
      {
        "path": "app/tools/emit_test_signal.py",
        "size": 10377,
        "primary_phase": "P9",
        "score": 6,
        "all_phase_scores": {
          "P9": 6,
          "P1": 4
        },
        "reasons": {
          "P1": [
            "infra/exchange abstraction"
          ],
          "P9": [
            "adaptive strategy/auto-execution"
          ]
        },
        "symbols_sample": [
          "_now_ms",
          "build_signal",
          "append_signals",
          "emit_single_from_args",
          "emit_default_batch",
          "emit_random_batch",
          "parse_args",
          "main"
        ]
      }
    ],
    "P10": [
      {
        "path": "app/bots/ws_switchboard.py",
        "size": 2602,
        "primary_phase": "P10",
        "score": 6,
        "all_phase_scores": {
          "P10": 6,
          "P2": 5,
          "P3": 5,
          "P1": 4
        },
        "reasons": {
          "P1": [
            "infra/exchange abstraction"
          ],
          "P2": [
            "multi-account/capital topology"
          ],
          "P3": [
            "market data + execution plumbing"
          ],
          "P10": [
            "portfolio intelligence/coordination"
          ]
        },
        "symbols_sample": [
          "_now_ms",
          "_ops_write",
          "main"
        ]
      },
      {
        "path": "app/core/config_validation.py",
        "size": 1688,
        "primary_phase": "P10",
        "score": 6,
        "all_phase_scores": {
          "P10": 6,
          "P1": 4
        },
        "reasons": {
          "P1": [
            "infra/exchange abstraction"
          ],
          "P10": [
            "portfolio intelligence/coordination"
          ]
        },
        "symbols_sample": [
          "_check_env",
          "_check_yaml",
          "validate_config"
        ]
      },
      {
        "path": "app/core/db.py",
        "size": 1836,
        "primary_phase": "P10",
        "score": 6,
        "all_phase_scores": {
          "P10": 6,
          "P1": 4
        },
        "reasons": {
          "P1": [
            "infra/exchange abstraction"
          ],
          "P10": [
            "portfolio intelligence/coordination"
          ]
        },
        "symbols_sample": [
          "_env_int",
          "guard_load",
          "guard_update_pnl",
          "guard_reset_day"
        ]
      },
      {
        "path": "app/core/errors.py",
        "size": 1344,
        "primary_phase": "P10",
        "score": 6,
        "all_phase_scores": {
          "P10": 6,
          "P1": 4
        },
        "reasons": {
          "P1": [
            "infra/exchange abstraction"
          ],
          "P10": [
            "portfolio intelligence/coordination"
          ]
        },
        "symbols_sample": [
          "classify_error"
        ]
      },
      {
        "path": "app/core/events.py",
        "size": 4348,
        "primary_phase": "P10",
        "score": 6,
        "all_phase_scores": {
          "P10": 6,
          "P2": 5
        },
        "reasons": {
          "P2": [
            "multi-account/capital topology"
          ],
          "P10": [
            "portfolio intelligence/coordination"
          ]
        },
        "symbols_sample": []
      }
    ]
  }
}